{"cameraMode":{"drawMode":0,"name":"Shaded","section":"Shading Mode"},"sceneLighting":false,"audioPlay":false,"sceneViewState":{"m_AlwaysRefresh":false,"showFog":false,"showSkybox":false,"showFlares":false,"showImageEffects":false,"showParticleSystems":false,"showVisualEffectGraphs":true,"m_FxEnabled":true},"in2DMode":false,"pivot":{"x":-0.03232266753911972,"y":0.04685749486088753,"z":-1.6556169986724854},"rotation":{"x":-0.008869245648384095,"y":0.9791303277015686,"z":-0.19828547537326814,"w":-0.04379452392458916},"size":1.273559808731079,"orthographic":false}