{"cameraMode":{"drawMode":0,"name":"Shaded","section":"Shading Mode"},"sceneLighting":true,"audioPlay":false,"sceneViewState":{"m_AlwaysRefresh":false,"showFog":true,"showSkybox":true,"showFlares":true,"showImageEffects":true,"showParticleSystems":true,"showVisualEffectGraphs":true,"m_FxEnabled":true},"in2DMode":false,"pivot":{"x":-0.19418048858642579,"y":1.2898163795471192,"z":-0.4270601272583008},"rotation":{"x":-0.06256353855133057,"y":0.9256192445755005,"z":-0.17591336369514466,"w":-0.32919591665267947},"size":6.310063362121582,"orthographic":false}