{"cameraMode":{"drawMode":0,"name":"Shaded","section":"Shading Mode"},"sceneLighting":true,"audioPlay":false,"sceneViewState":{"m_AlwaysRefresh":false,"showFog":true,"showSkybox":true,"showFlares":true,"showImageEffects":true,"showParticleSystems":true,"showVisualEffectGraphs":true,"m_FxEnabled":true},"in2DMode":false,"pivot":{"x":-1.7130235433578492,"y":0.8630208969116211,"z":1.296559453010559},"rotation":{"x":-0.08140009641647339,"y":0.6959308981895447,"z":-0.07989995181560517,"w":-0.7089970707893372},"size":2.4768874645233156,"orthographic":false}