{"cameraMode":{"drawMode":0,"name":"Shaded","section":"Shading Mode"},"sceneLighting":true,"audioPlay":false,"sceneViewState":{"m_AlwaysRefresh":false,"showFog":true,"showSkybox":true,"showFlares":true,"showImageEffects":true,"showParticleSystems":true,"showVisualEffectGraphs":true,"m_FxEnabled":true},"in2DMode":false,"pivot":{"x":-0.15358778834342957,"y":0.9836018085479736,"z":-2.199320077896118},"rotation":{"x":-0.09067665040493012,"y":0.9010021090507507,"z":-0.2285359799861908,"w":-0.35746636986732485},"size":2.9087517261505129,"orthographic":false}