{"cameraMode":{"drawMode":0,"name":"Shaded","section":"Shading Mode"},"sceneLighting":true,"audioPlay":false,"sceneViewState":{"m_AlwaysRefresh":false,"showFog":true,"showSkybox":true,"showFlares":true,"showImageEffects":true,"showParticleSystems":true,"showVisualEffectGraphs":true,"m_FxEnabled":true},"in2DMode":false,"pivot":{"x":-0.6805940270423889,"y":1.1694921255111695,"z":-2.0405662059783937},"rotation":{"x":-0.11941565573215485,"y":0.8299111127853394,"z":-0.19467367231845857,"w":-0.5090460181236267},"size":2.9087517261505129,"orthographic":false}