{"cameraMode":{"drawMode":0,"name":"Shaded","section":"Shading Mode"},"sceneLighting":false,"audioPlay":false,"sceneViewState":{"m_AlwaysRefresh":false,"showFog":true,"showSkybox":false,"showFlares":true,"showImageEffects":true,"showParticleSystems":true,"showVisualEffectGraphs":true,"m_FxEnabled":true},"in2DMode":false,"pivot":{"x":-0.08365058898925781,"y":0.8071565628051758,"z":0.5936093926429749},"rotation":{"x":-0.003844866994768381,"y":0.7037011981010437,"z":-0.003805413143709302,"w":-0.7104888558387756},"size":1.2247449159622193,"orthographic":false}