{"cameraMode":{"drawMode":0,"name":"Shaded","section":"Shading Mode"},"sceneLighting":false,"audioPlay":false,"sceneViewState":{"m_AlwaysRefresh":false,"showFog":false,"showSkybox":false,"showFlares":false,"showImageEffects":false,"showParticleSystems":false,"showVisualEffectGraphs":true,"m_FxEnabled":true},"in2DMode":false,"pivot":{"x":0.08857458829879761,"y":0.7451070547103882,"z":0.020658671855926515},"rotation":{"x":-0.027672501280903817,"y":0.7095239758491516,"z":-0.027905164286494256,"w":-0.7035885453224182},"size":1.1936676502227784,"orthographic":false}